"Story ID","Module","Story Title","User Story Description","Business Value","Acceptance Criteria (Gherkin/Details)","Priority","Story Points","Technical Dependencies"
"US-01","Marketing & Landing","Marketing Landing Page & Custom Plans","As a prospective client exploring HRMS platforms, I want to explore base plans, view detailed feature sets, and request a sales-assisted custom plan, so that I can choose a package suited to my company size.","Enables conversion of visitors into leads and facilitates custom sales deals.","**GIVEN** a visitor is on the marketing page\n**WHEN** they click on 'Request Custom Plan'\n**THEN** a modal form must capture Name, Email, Company Size, Phone, and Required Modules.\n**AND** saving the form must store a Lead record and notify the Sales team.","High","5","None"
"US-02","Tenant Onboarding","HR Manager self-onboarding & KYC Details","As an HR manager registering my company, I want to submit my company profile, enter identity details (CIN, GSTIN, director DIN, signing authority), and book a demo call, so that I can initialize onboarding compliance.","Establishes corporate identity and compliance vetting before activating financial features.","**GIVEN** a registering HR admin\n**WHEN** they fill in the signup form\n**THEN** the system must validate that the CIN is exactly 21 characters and GSTIN is 15 characters.\n**AND** the scheduled demo call date must be in the future.\n**AND** the tenant status is set to PENDING_KYC.","Critical","8","None"
"US-03","KYC Compliance","Super Admin Verification Dashboard & KYC Maker-Checker","As a Super Admin, I want to view all companies with pending KYC status, verify their documents, and update their compliance status with remarks, so that I can grant them full system access.","Ensures only legally verified entities can use financial and payroll systems, mitigating fraud.","**GIVEN** a logged-in Super Admin\n**WHEN** they access the platform admin dashboard\n**THEN** they can view pending KYC applications.\n**AND** clicking 'Approve' updates company kycStatus to APPROVED.\n**AND** clicking 'Reject' requires inputting remarks and updates kycStatus to REJECTED.","Critical","8","US-02"
"US-04","Subscription Engine","Automated 30-Day Free Trial Engine","As a newly approved tenant company, I want my 30-day free trial subscription to activate automatically upon KYC approval, so that my team can immediately access the system.","Reduces time-to-value for new customers and drives trial conversions.","**GIVEN** a company has been approved for KYC\n**WHEN** the kycStatus transitions to APPROVED\n**THEN** the system must auto-generate an ACTIVE subscription.\n**AND** set the subscription endDate to exactly 30 days from the approval date.\n**AND** block subsequent free trial generations for the same company CIN.","High","5","US-03"
"US-05","Organization Setup","Multi-Branch & Geofence Coordinates Setup","As an HR Admin, I want to configure branch office physical locations with timezones and geofencing coordinates (latitude, longitude, radius), so that employee attendance can be geofenced.","Allows accurate attendance geofencing across multiple geographical office locations.","**GIVEN** a logged-in HR Admin\n**WHEN** they add a branch location\n**THEN** the form must validate latitude (range -90 to 90) and longitude (range -180 to 180).\n**AND** the geofence radius must be set in meters.\n**AND** timezone must map to a valid IANA timezone identifier.","Medium","5","US-04"
"US-06","Employee Management","Org Departments & Reporting Managers Hierarchy","As an HR Admin, I want to create company departments and onboard employees, linking them to their direct managers, so that our organizational reporting structure is defined.","Establishes organizational hierarchy, enabling routing of approval workflows (leave, expenses).","**GIVEN** a logged-in HR Admin\n**WHEN** they onboard a new employee\n**THEN** they can assign them to a department.\n**AND** select a reporting manager from existing employees.\n**AND** the system must prevent self-parenting (managerId cannot be the employee's own ID).","High","5","US-04"
"US-07","Employee Compensation","Employee Salary Structures Config","As a Payroll Admin, I want to define basic salary, HRA, DA, conveyance, medical allowances, and toggle statutory options (PF, TDS, PT) for each employee, so that payroll calculations are correct.","Enables automated, accurate, and customized monthly salary computations per employee.","**GIVEN** a logged-in Payroll Admin\n**WHEN** they edit an employee's salary structure\n**THEN** basicSalary must be configured (typically 50% of gross).\n**AND** enabling PF must apply standard EPF calculation models (12% of basic + DA).\n**AND** enabling TDS must configure tax deductions based on the employee's tax regime.","High","8","US-06"
"US-08","Attendance Tracking","Geofenced Punch Attendance Lifecycle","As an employee, I want to log check-in and check-out timestamps using my GPS coordinates when I am inside the office branch geofence boundary, so that my work hours are tracked.","Automates tracking of hours worked and prevents time-theft through geofence validation.","**GIVEN** an employee checks in via mobile\n**WHEN** their distance from the assigned branch coordinates is computed using the Haversine formula\n**THEN** if the distance is within the office radius, the check-in succeeds.\n**AND** if the distance exceeds the radius, the check-in is blocked (403 error).","Critical","8","US-05, US-06"
"US-09","Leave Management","Leave Balance & Quotas System","As an employee, I want to view my remaining leave balances (casual, sick, annual) and apply for leaves, so that my absences are recorded against my yearly limits.","Prevents excessive unpaid leaves and automates leave tracking.","**GIVEN** an employee applies for leave\n**WHEN** the requested leave period is calculated in days\n**THEN** the system must verify it is less than or equal to the remaining leave balance.\n**AND** if balance is sufficient, create request in PENDING state.\n**AND** update quota balance only upon successful approval.","High","5","US-06"
"US-10","Leave Approvals","Leave Workflows Approval Center","As a Manager, I want to view pending leave requests of my direct reports and approve or reject them, so that I can maintain department staffing.","Ensures managers can handle workforce planning and control leaves of absence.","**GIVEN** a logged-in Manager\n**WHEN** they access the leave approvals center\n**THEN** they can view leave requests from direct reports only (where employee's managerId = manager's ID).\n**AND** approving updates the request status to APPROVED and triggers balance reduction.","High","5","US-09"
"US-11","Payroll Processing","Checklist-Gated Payroll Generation","As a Payroll Admin, I want to confirm a list of manual payroll checks (attendance locked, revisions reviewed, tax declarations, arrears checked) before running payroll, so that errors are caught early.","Acts as a safety gate to ensure payroll administrators verify input data accuracy.","**GIVEN** a Payroll Admin starting a payroll run\n**WHEN** they submit the payroll run request\n**THEN** the API must verify that all 10 checkboxes (confirmations) are marked as true.\n**AND** the system must check that every active employee has an associated salary structure.","Critical","8","US-07"
"US-12","Payroll Maker-Checker","Multi-Role Maker-Checker Payroll Workflow","As a Finance Manager, I want to transition the monthly payroll run through Draft, Reviewed, Approved, and Processed stages, so that maker-checker segregation of duties is maintained.","Ensures financial accountability and dual-authorization before payroll funds are released.","**GIVEN** a payroll run is initiated\n**WHEN** the run goes through stages\n**THEN** only DRAFT runs can transition to REVIEWED.\n**AND** only REVIEWED runs can transition to APPROVED.\n**AND** only APPROVED runs can transition to PROCESSED.\n**AND** processing must freeze database records from further modification.","Critical","8","US-11"
"US-13","Statutory Compliance","Statutory Reports & PF/ESIC ECR Export","As a Compliance Admin, I want to export monthly PF and ESIC Electronic Challenge cum Return (ECR) files, so that our company complies with national labor regulations.","Automates compliance returns and avoids penalty assessments for the tenant organization.","**GIVEN** a finalized payroll run (status PROCESSED)\n**WHEN** the compliance officer clicks export ECR\n**THEN** the system must generate a CSV containing UAN, gross wages, EPF wages, and employer/employee PF contribution details.\n**AND** exclude employees earning over 21,000 INR from the ESIC report.","High","8","US-12"
"US-14","Security Controls","Role-Based Access Controls (RBAC) Enforcements","As a Tenant Admin, I want to enforce strict role-based endpoints (Admin, Payroll, Manager, Employee), so that unauthorized employees cannot view sensitive payroll or company data.","Secures enterprise payroll and employee PII, adhering to security guidelines.","**GIVEN** an authenticated user\n**WHEN** they request an API endpoint (e.g. GET /api/reports/export)\n**THEN** the middleware must check their role permissions.\n**AND** reject requests with 403 Forbidden if the user's role is not authorized.","Critical","5","None"
"US-15","Sales & Pricing","Sales Custom Access & Feature Gating","As a Sales Person, I want to create a custom pricing plan and toggle specific features for a client company, so that we can close customized sales contracts.","Increases sales agility and supports flexible product pricing.","**GIVEN** a logged-in Sales Person\n**WHEN** they configure a custom plan for a tenant\n**THEN** they can select specific active modules (e.g. disable Payroll, enable Attendance).\n**AND** saving custom plan updates the company's subscription capabilities.\n**AND** company sidebars must hide disabled modules.","High","8","US-04"
